{
    "avg_prec": 0.996714652035986,
    "roc_auc": 0.9999366807916549
}